印刷,姓,名,郵便番号,都道府県,市区町村,番地,建物名等,連名1,連名2,連名3
o,小池,昇平,3769482,群馬県,前橋市朝倉町,3-3-17,,美里
x,池田,大志,3446195,埼玉県,さいたま市岩槻区本町,2-5-18
o,勝山,健一,1601402,東京都,新宿区西新宿,2-3-16,,千束,恵
o,間瀬,里美,1845748,東京都,中野区南台,2-1-9,アクタージュ中野503
x,岡田,良祐,8036173,福岡県,福岡市早良区干隈,2-2-8
o,小島,千尋,8918445,鹿児島県,鹿屋市寿,2-1-10
o,藤澤,信也,0608749,北海道,北見市高栄西町,1-1-10
x,畑井,貴代,2860598,千葉県,浦安市入船,1-1-7,ファスタージュ405
o,荻野,貴裕,5616981,大阪府,八尾市田井中,2-5-9,,こずえ
x,波多野,章江,4623814,愛知県,名古屋市緑区青山,1-3-19
o,鈴木,有美子,2849725,千葉県,千葉市美浜区大津ケ丘,3-5-209
o,高野,愛美,1144079,東京都,葛飾区小菅,2-4-3
o,田中,耕平,1972619,東京都,渋谷区神宮前,3-1-4,,裕子,勇,ポチ
x,柳田,良介,3653206,埼玉県,深谷市上柴町西,2-2-3,ファミール502
x,高橋,則子,2199868,神奈川県,川崎市多摩区西生田,4-2-5,ローズコーポ210
x,藤原,勝敏,1475736,東京都,練馬区氷川台,3-2-5
o,平井,耕太郎,0589951,北海道,札幌市中央区南八条西,1-3-202,ザ・ライオンズ512
x,荒川,潤,6565521,兵庫県,西宮市小曽根町,3-2-8,,和恵
x,金井,崇雄,8397781,福岡県,大野城市東大利,4-3-6
x,井上,薫,1047674,東京都,渋谷区恵比寿,3-5-16
